"","ID","Description","GeneRatio","BgRatio","RichFactor","FoldEnrichment","zScore","pvalue","p.adjust","qvalue","geneID","Count"
"GO:0010608","GO:0010608","post-transcriptional regulation of gene expression","209/3911","497/12961",0.420523138832998,1.39360787584109,5.8821402203152,7.00164004148646e-09,3.60654478536968e-05,3.60654478536968e-05,"RBM47/ACO1/SPOUT1/BZW1/TRAF5/CACNA2D1-AS1/CPEB2/IGFBP5/MRPL4/MTG1/INPP5E/SYNCRIP/RPS6KB1/NGRN/MAPKAPK5/EIF4EBP2/EIF2B2/SAMD4B/EIF4B/PNPT1/EEF2K/TENT2/TUT7/EIF4A2/PDE12/AGO1/HSPB1/NYNRIN/SHMT2/ZC3H18/ZNF385A/ANGEL2/TIRAP/DAPK1/TRUB2/LARP1B/EIF1/EIF4G1/CNOT3/EIF5A/ZC3H12A/SARNP/ACE/SSB/IGF2BP1/PRKCH/PUM2/AARS1/C1QBP/NSUN2/UNK/PAIP1/ELP2/CUL4B/EIF3B/KHDRBS1/AKT2/KLHL25/PA2G4/MKNK1/RBM38/METTL1/PCIF1/CASC3/PURB/LSM2/EIF3C/ELAVL1/YBX1/CAPRIN1/EIF4G3/SARS1/CAPRIN2/ILF3/ELP5/CDC37/DICER1/STAU1/DCAF12/MSI2/BTG2/RNH1/DHFR/ALKBH5/NOLC1/FXR2/MRPL1/CELF4/FASTKD5/EIF2S3/EIF5/DDX6/KHNYN/CIRBP/KBTBD8/LSM14B/OGT/PPP1R15B/RPUSD4/MRPL44/NEAT1/CAV1/CSDE1/DKC1/TACO1/SELENOT/PABPC1L/ATXN2/ZFP36L1/RBM3/ELP1/TSN/RIPK1/MTPN/ROCK1/ZC3H7B/KHSRP/APP/ZFP36/IGF2BP2/E2F1/CNOT7/NT5C3B/DDB1/TARBP2/NAT10/JMJD4/RPS27L/EIF1B/RAN/SPACA6-AS1/RPUSD3/PABPC1/PIAS4/MTOR/CNOT11/TOB1/BZW2/EIF2AK3/APEX1/HNRNPA0/CSNK2A1/IFRD2/ELOB/PER1/PAIP2B/EIF4G2/EIF3H/DDX1/MTG2/HNRNPU/PPP1CA/HELZ2/LSM4/PATL1/TUT1/ELP6/METTL8/LSM14A/POLR2G/AKT1/PAIP2/FASTK/GCN1/PKM/XRN1/NCBP1/EDC4/NRDE2/RBM33/RBM8A/THRAP3/POLDIP3/GUF1/NANOS1/DXO/SECISBP2/VIM/GDNF/TRUB1/CNOT9/SESN2/EIF4H/SHFL/EIF2S2/LARP1/MOV10/RPL26/RBM24/FUS/ZNF598/COA3/PPP1R15A/LARP4/LARP4B/ATG14/OIP5-AS1/DDX49/PNN/TCOF1/CARHSP1/ENC1/PRKCA/OTUD6B/LSM7/NCL/LSM3/PRMT1/LSM5",209
"GO:0080135","GO:0080135","regulation of cellular response to stress","199/3911","478/12961",0.416317991631799,1.37967207607767,5.56013375645618,4.07552109983779e-08,0.000104965045926322,0.000104965045926322,"KAT5/ZCWPW1/MAPK8IP2/AIFM2/AUNIP/BCAP31/TAF5L/FIGNL2/HERPUD1/EYA4/ZNHIT1/TAF9B/KIAA0319/HSPA5/CCDC117/SMARCC1/SGTA/MAPK1/ZNF385A/SPIRE2/NPAS2/CHORDC1/PLK1/PTPN1/TIMELESS/TAF7/EGFR/EIF4G1/CREB3L1/CERS2/MCRS1/DPF2/BAX/PARP3/BAK1/TWIST1/BAG6/PBRM1/NUDT16L1/PUM2/H2AX/PPP4R3B/C1QBP/SNAI2/MORF4L2/RTEL1/CLU/CUL4B/AKT2/PLA2R1/SMARCE1/CREBRF/NUPR1/OTUB1/YY1/ACTR2/USP13/INSIG1/DNAJC2/STUB1/SPRED2/SPRING1/LPCAT3/YJU2/EFHD1/DHFR/RAD52/TFIP11/MYC/MUC1/SLC25A14/DDIT3/UBE2N/PSMD10/PAQR3/SIRT6/BRD4/PPP4R2/ATM/PPP1R15B/TAF6L/INO80D/MAPKAP1/BRCC3/CAV1/CREBBP/TADA2B/BRD7/FOXM1/RPA2/BCL7B/NFRKB/ADCYAP1R1/NBN/DNAJC7/USP14/UBQLN4/MID1/APP/HMGB1/XBP1/ATXN3/CXCL12/RAD50/ACTB/NBR1/PARK7/ARHGEF2/DNAJB1/DDB1/USP22/MARCHF6-DT/CCAR2/IER5/ACTL6A/PMAIP1/EEF1E1/TADA3/PIAS4/RIOX1/KAT2A/MTOR/CYREN/DDAH1/SHLD2/EIF2AK3/BAD/MEAF6/TAF4/OGG1/ATXN7L3/CSNK2A1/PIK3CB/TRIM28/ERCC1/SHISA5/KMT5A/TMEM33/KLHL15/MANF/SOX4/DMAP1/SMARCA4/APLF/SVIP/ATAD5/FBXW7/SKP1/SMARCD1/FAM168A/DNAJB6/HSPA1A/SKP2/DDX5/CREB3/ARID1B/AKT1/TMBIM6/CD44/INO80/PPIA/TMEM161A/PTTG1IP/TMX1/SIRT1/RNFT2/USP25/BCL2L1/OPA1/SF3B3/TRRAP/FAS/LRRK2/RPL26/GRN/PARP1/SMARCB1/SETD2/FUS/BCL7A/RMI2/EYA1/CUL1/BCL2L12/PPP1R15A/BCL7C/SGF29/RUVBL1/ERN1/HSF1/SLF2/UFL1/SEMA4C/TELO2/QARS1/TRIAP1/MDM2/PRMT1/CEBPG",199
"GO:0006401","GO:0006401","RNA catabolic process","145/3911","337/12961",0.43026706231454,1.42589910372251,5.20769214455418,2.89468633548307e-07,0.000490834856598083,0.000490834856598083,"RBM47/ALYREF/TRAF5/RIOK3/LSM11/SYNCRIP/SNRPD3/DHX34/SKIC8/SAMD4B/PNPT1/TENT2/TUT7/INTS11/PDE12/FEN1/AGO1/NYNRIN/ZC3H18/INTS3/ANGEL2/TIRAP/ARMC5/LARP1B/CNOT3/SMG7/ZC3H12A/INTS7/SSB/IGF2BP1/PUM2/C1QBP/NSUN2/PAIP1/RNASEH1/TTC5/RBM38/METTL1/CASC3/LSM2/PPP1R8/ELAVL1/YBX1/CAPRIN1/DNA2/PPP2CA/DICER1/BTG2/RNH1/ALKBH5/FXR2/SNRPB/N4BP2/RNASET2/XRN2/FASTKD5/RNASEH2A/DDX6/KHNYN/CIRBP/LSM14B/INTS2/ATM/EXOSC10/NEAT1/MRTO4/CSDE1/DKC1/ZFC3H1/ZFP36L1/ROCK1/KHSRP/ZFP36/IGF2BP2/E2F1/CNOT7/POP1/ZPR1/TRIR/NT5C3B/PABPC1/PIAS4/CNOT11/TOB1/RBM27/APEX1/HNRNPA0/GRSF1/ELOB/HNRNPU/LSM4/PATL1/TUT1/POLR2G/HSPA1A/DDX5/AKT1/FASTK/XRN1/NCBP1/EDC4/PABPN1/NRDE2/RBM33/RBM8A/WDR82/THRAP3/NANOS1/SNRPG/DXO/VIM/RNF10/GDNF/CNOT9/SMG9/CPSF2/LARP1/MOV10/RBM24/FUS/SLIRP/ZC3H4/NBDY/ZNF598/INTS5/EXOSC3/LARP4B/ERN1/OIP5-AS1/DDX49/HSPA1B/SLFN5/SMG6/PNN/CSTF2/CARHSP1/PPP2R1A/ZCCHC8/DIS3L/PRKCA/LSM7/INTS14/RNASEH2C/LSM3/LSM5",145
"GO:0006417","GO:0006417","regulation of translation","142/3911","330/12961",0.43030303030303,1.42601830113975,5.1533362146784,3.81156945523652e-07,0.000490834856598083,0.000490834856598083,"ACO1/BZW1/CPEB2/IGFBP5/MRPL4/MTG1/INPP5E/SYNCRIP/RPS6KB1/NGRN/MAPKAPK5/EIF4EBP2/EIF2B2/SAMD4B/EIF4B/EEF2K/EIF4A2/AGO1/HSPB1/SHMT2/ZNF385A/DAPK1/TRUB2/LARP1B/EIF1/EIF4G1/CNOT3/EIF5A/SARNP/SSB/IGF2BP1/PRKCH/PUM2/AARS1/C1QBP/UNK/PAIP1/ELP2/EIF3B/KHDRBS1/AKT2/KLHL25/PA2G4/MKNK1/PCIF1/CASC3/PURB/EIF3C/ELAVL1/YBX1/CAPRIN1/EIF4G3/SARS1/CAPRIN2/ILF3/ELP5/MSI2/BTG2/DHFR/ALKBH5/NOLC1/FXR2/MRPL1/CELF4/EIF2S3/EIF5/DDX6/CIRBP/KBTBD8/LSM14B/OGT/PPP1R15B/RPUSD4/MRPL44/CSDE1/TACO1/SELENOT/PABPC1L/ATXN2/ZFP36L1/RBM3/ELP1/MTPN/APP/ZFP36/IGF2BP2/CNOT7/TARBP2/NAT10/JMJD4/RPS27L/EIF1B/RPUSD3/PABPC1/MTOR/CNOT11/TOB1/BZW2/EIF2AK3/CSNK2A1/IFRD2/PAIP2B/EIF4G2/EIF3H/DDX1/MTG2/HNRNPU/PPP1CA/ELP6/METTL8/LSM14A/POLR2G/AKT1/PAIP2/GCN1/PKM/XRN1/NCBP1/RBM8A/POLDIP3/GUF1/NANOS1/SECISBP2/CNOT9/SESN2/EIF4H/SHFL/EIF2S2/LARP1/RPL26/RBM24/ZNF598/COA3/PPP1R15A/LARP4/LARP4B/TCOF1/ENC1/PRKCA/OTUD6B/NCL/PRMT1",142
"GO:0000082","GO:0000082","G1/S transition of mitotic cell cycle","91/3911","195/12961",0.466666666666667,1.54652688996846,5.05502769782231,7.84849986488254e-07,0.000808552456080199,0.0008085524560802,"PLK3/PSMA4/LSM11/RPS6KB1/CCNF/DGKZ/CCNE1/PSMB1/SMARCC1/CDK4/PSMB2/CDKN3/EGFR/EIF4G1/DPF2/PBRM1/TFDP1/CUL4B/KHDRBS1/SMARCE1/PSMB6/PSMA3/CCNG1/CDK10/CCND1/PSMB4/RDX/CCND2/PPP2CA/MYC/MUC1/RRM2/PSMA6/CUL2/CCNB1/BRD7/CCNB3/RPA2/STIL/BCL7B/CCNH/CDC7/E2F1/PSME1/CCNB2/ACTB/PSMB5/FHL1/RPS27L/ACTL6A/PSMA7/CDC25A/ADAMTS1/PSME3/PIM1/CACUL1/RCC1/RRM1/PSMB7/KLF4/SMARCA4/APPL1/PPP6C/PSMB3/SKP1/SMARCD1/SKP2/ARID1B/AKT1/DLG1/PKD1/INO80/INHBA/CCNI/KANK2/TCF3/CCND3/SMARCB1/PTPN6/CDKN1A/BCL7A/CUL1/BCL7C/CCNA2/SLFN11/CCNE2/PRMT2/PLK2/TRIAP1/CDC6/CACNB4",91
"GO:0044843","GO:0044843","cell cycle G1/S phase transition","100/3911","220/12961",0.454545454545455,1.50635736035889,4.97953545456233,1.05222158230389e-06,0.000856867762610907,0.000856867762610907,"PLK3/PSMA4/LSM11/RPS6KB1/CCNF/DGKZ/CCNE1/TCIM/MLF1/PSMB1/SMARCC1/CDK4/PSMB2/CDKN3/EGFR/EIF4G1/DPF2/TMSB4X/PBRM1/TFDP1/CUL4B/KHDRBS1/SMARCE1/PSMB6/PSMA3/CCNG1/CDK10/CCND1/PSMB4/RDX/CCND2/PPP2CA/MYC/MUC1/RRM2/PSMA6/CUL2/CCNB1/BRD7/CCNB3/RPA2/STIL/BCL7B/CCNH/CDC7/E2F1/PSME1/CCNB2/PLCG2/ACTB/PSMB5/FHL1/RPS27L/ACTL6A/PSMA7/CDC25A/ADAMTS1/PSME3/PIM1/PAGR1/CACUL1/RCC1/RRM1/PSMB7/TBX2/KLF4/SMARCA4/APPL1/PPP6C/PSMB3/FBXW7/SKP1/SMARCD1/SKP2/ARID1B/AKT1/DLG1/PKD1/INO80/INHBA/SACK1D/CCNI/ATP2B4/KANK2/TCF3/CCND3/SMARCB1/PTPN6/CDKN1A/BCL7A/CUL1/BCL7C/CCNA2/SLFN11/CCNE2/PRMT2/PLK2/TRIAP1/CDC6/CACNB4",100
"GO:0043484","GO:0043484","regulation of RNA splicing","84/3911","178/12961",0.471910112359551,1.56390359659732,4.97989963855591,1.16444852228234e-06,0.000856867762610907,0.000856867762610907,"PTBP1/RBM47/SRSF6/RBFOX2/RPS26/PRPF8/SNRPD3/TAF5L/PRDX6/RBPMS2/RBM20/EFTUD2/ANGEL2/ZBTB7A/FAM50A/RBM11/DAZAP1/C1QBP/RRP1B/RBM19/KHDRBS1/RBM15B/SNRNP70/RBM38/RBM23/RBM22/SNRPB/HNRNPA1/CELF4/MBNL2/HNRNPL/CLK1/TAF6L/TADA2B/ZNF326/HNRNPH2/PQBP1/SNRNP200/H1-2/SNRPD2/CLNS1A/ZPR1/ACIN1/AHNAK/CELF2/AKAP17A/USP22/CCAR2/TADA3/KAT2A/RBM39/ATXN7L3/GRSF1/CCNL1/MBNL3/HNRNPU/RBM15/AAR2/HSPA1A/DDX5/TMBIM6/FASTK/NCBP1/SFSWAP/ARGLU1/RBM8A/THRAP3/SNRPG/SF3B3/MBNL1/PRMT5/TRRAP/RBM24/FUS/WDR77/NUP98/SGF29/ERN1/SRSF9/PUF60/SNRPD1/U2AF2/HNRNPF/SMU1",84
"GO:0141188","GO:0141188","nucleic acid catabolic process","149/3911","357/12961",0.417366946778712,1.38314829895139,4.82579569568847,1.73441852947071e-06,0.00111674873066295,0.00111674873066295,"RBM47/ALYREF/TRAF5/RIOK3/LSM11/SYNCRIP/SNRPD3/DHX34/SKIC8/SAMD4B/PNPT1/TENT2/TUT7/INTS11/PDE12/FEN1/AGO1/NYNRIN/ZC3H18/INTS3/ANGEL2/TIRAP/ARMC5/LARP1B/CNOT3/SMG7/ZC3H12A/BAX/INTS7/SSB/IGF2BP1/PUM2/NME1/C1QBP/NSUN2/PAIP1/RNASEH1/TTC5/RBM38/METTL1/CASC3/DNASE1L1/LSM2/PPP1R8/ELAVL1/YBX1/CAPRIN1/DNA2/PPP2CA/DICER1/BTG2/RNH1/ALKBH5/FXR2/SNRPB/N4BP2/RNASET2/XRN2/FASTKD5/RNASEH2A/DDX6/KHNYN/CIRBP/LSM14B/INTS2/ATM/EXOSC10/NEAT1/MRTO4/CSDE1/DKC1/ZFC3H1/ZFP36L1/ROCK1/KHSRP/ZFP36/IGF2BP2/E2F1/CNOT7/POP1/ZPR1/TRIR/NT5C3B/PABPC1/PIAS4/CNOT11/TOB1/RBM27/CASP3/APEX1/HNRNPA0/GRSF1/ELOB/HNRNPU/LSM4/PATL1/TUT1/POLR2G/HSPA1A/DDX5/AKT1/FASTK/XRN1/NCBP1/EDC4/PABPN1/NRDE2/RBM33/RBM8A/WDR82/THRAP3/NANOS1/SNRPG/DXO/VIM/RNF10/GDNF/CNOT9/SMG9/CPSF2/LARP1/MOV10/RBM24/FUS/SLIRP/ZC3H4/NBDY/ZNF598/INTS5/EXOSC3/LARP4B/ERN1/OIP5-AS1/DDX49/HSPA1B/SLFN5/SMG6/PNN/CSTF2/CARHSP1/PPP2R1A/ZCCHC8/DIS3L/PRKCA/LSM7/INTS14/RNASEH2C/LSM3/LSM5",149
"GO:0044772","GO:0044772","mitotic cell cycle phase transition","158/3911","384/12961",0.411458333333333,1.36356723557487,4.75427105892408,2.33903616752268e-06,0.00133870836654548,0.00133870836654548,"UBE2C/PLK3/PSMA4/LSM11/RPS6KB1/CCNF/RAB11A/DGKZ/CCNE1/PSMB1/TFAP4/SMARCC1/ZWILCH/CCNY/CDK4/CDC25B/INTS3/PSMB2/PLK1/SPC24/CDKN3/PPP2R2D/EGFR/EIF4G1/MIIP/DPF2/UBE2A/PBRM1/TFDP1/SPAST/CUL4B/KHDRBS1/SMARCE1/PSMB6/PSMA3/CCNG1/CDK10/CCND1/ANAPC7/PSMB4/XPC/CDC20/RDX/CCND2/PPP2CA/MYC/MUC1/RRM2/XRCC3/DNM2/CDK5RAP3/BRD4/PSMA6/ATM/CUL2/AURKB/CCNB1/STK35/BRCC3/INCENP/BRD7/NABP2/ZW10/CCNB3/ENSA/FOXM1/RPA2/ZFP36L1/STIL/BCL7B/CCNH/NBN/MASTL/DYNLRB1/FZR1/CDC7/E2F1/PSME1/CCNB2/RAD50/ACTB/SPC25/DDB1/PSMB5/USP22/FHL1/RPS27L/ACTL6A/ANLN/PSMA7/TRIP13/RBBP8/CDC25A/ERCC2/ADAMTS1/PSME3/PIM1/TEX14/CACUL1/RCC1/RRM1/PSMB7/ESPL1/KLF4/KNTC1/SMARCA4/APPL1/USP44/PPP6C/PSMB3/SKP1/SMARCD1/BIRC5/SKP2/ARID1B/AKT1/CDC27/DLG1/PKD1/ORC1/INO80/SKA1/INHBA/CCNI/TACC3/RCC2/KANK2/CDCA8/TCF3/DTL/CCND3/SMARCB1/BRSK1/PTPN6/CHMP4B/CDKN1A/BCL7A/CUL1/BCL7C/NDC80/CCNA2/ABCB1/TICRR/CTDP1/ARPP19/SLFN11/CCNE2/USH1C/PRMT2/PKMYT1/PLK2/TRIAP1/CDC6/CACNB4/PDIK1L/DBF4B/ZWINT/SIRT2",158
"GO:1902806","GO:1902806","regulation of cell cycle G1/S phase transition","77/3911","163/12961",0.47239263803681,1.56550268002943,4.77616735507534,3.0493165588163e-06,0.00157070295944628,0.00157070295944628,"PLK3/PSMA4/LSM11/DGKZ/CCNE1/TCIM/MLF1/PSMB1/SMARCC1/PSMB2/EGFR/EIF4G1/DPF2/TMSB4X/PBRM1/TFDP1/SMARCE1/PSMB6/PSMA3/CDK10/CCND1/PSMB4/RDX/CCND2/PPP2CA/MUC1/RRM2/PSMA6/BRD7/RPA2/STIL/BCL7B/CCNH/E2F1/PSME1/PLCG2/ACTB/PSMB5/FHL1/RPS27L/ACTL6A/PSMA7/ADAMTS1/PSME3/PIM1/PAGR1/RRM1/PSMB7/TBX2/KLF4/SMARCA4/APPL1/PSMB3/FBXW7/SMARCD1/ARID1B/AKT1/DLG1/PKD1/INO80/INHBA/SACK1D/ATP2B4/KANK2/TCF3/CCND3/SMARCB1/PTPN6/CDKN1A/BCL7A/BCL7C/SLFN11/CCNE2/PRMT2/TRIAP1/CDC6/CACNB4",77
"GO:2000045","GO:2000045","regulation of G1/S transition of mitotic cell cycle","68/3911","140/12961",0.485714285714286,1.60965043649779,4.7676687749884,3.4044633210062e-06,0.00159421732422754,0.00159421732422754,"PLK3/PSMA4/LSM11/DGKZ/CCNE1/PSMB1/SMARCC1/PSMB2/EGFR/EIF4G1/DPF2/PBRM1/TFDP1/SMARCE1/PSMB6/PSMA3/CDK10/CCND1/PSMB4/RDX/CCND2/PPP2CA/MUC1/RRM2/PSMA6/BRD7/RPA2/STIL/BCL7B/CCNH/E2F1/PSME1/ACTB/PSMB5/FHL1/RPS27L/ACTL6A/PSMA7/ADAMTS1/PSME3/PIM1/RRM1/PSMB7/KLF4/SMARCA4/APPL1/PSMB3/SMARCD1/ARID1B/AKT1/DLG1/PKD1/INO80/INHBA/KANK2/TCF3/CCND3/SMARCB1/PTPN6/CDKN1A/BCL7A/BCL7C/SLFN11/CCNE2/PRMT2/TRIAP1/CDC6/CACNB4",68
"GO:0061136","GO:0061136","regulation of proteasomal protein catabolic process","91/3911","201/12961",0.45273631840796,1.50036190817836,4.69979647004262,3.88347019444038e-06,0.00166697958096353,0.00166697958096353,"PLK3/PSMA4/CSNK1A1/PSMC1/BCAP31/HERPUD1/FHIT/DESI1/PSMB1/SGTA/RHBDF1/PSMB2/KEAP1/ZER1/PLK1/HSPBP1/PSMD1/BAG6/HSP90AB1/CLU/PSMD2/PSMB6/PSMA3/GLMN/NUPR1/XPO1/USP13/PSMB4/STUB1/CDC20/PSMC2/PSMD10/PAQR3/SIRT6/PSMD3/RYBP/PSMA6/OGT/CAV1/PRKACA/GSK3A/USP14/UBQLN4/FZR1/XBP1/PSME1/USP5/ATXN3/ZNF418/PARK7/PSMB5/DVL1/CCAR2/PSMA7/KAT2A/VCP/MTOR/MAP1A/ADRM1/GNA12/PSME3/CSNK2A1/ELOB/PSMB7/PSMC4/EIF3H/TMF1/LAMP3/PSMC5/SVIP/PSMB3/FBXW7/PSMD11/HSPA1A/AKT1/PKD1/RAD23B/PSMC3/ARAF/TMX1/SIRT1/RNFT2/USP25/LRRK2/CSNK2B/GPX1/HSPA1B/UFL1/TRIB3/MDM2/SIRT2",91
"GO:0044770","GO:0044770","cell cycle phase transition","191/3911","486/12961",0.393004115226337,1.30241021156956,4.46700489773439,7.74410209918476e-06,0.00295655119415383,0.00295655119415383,"UBE2C/PLK3/PSMA4/LSM11/RPS6KB1/CCNF/AKAP8/DOT1L/RAB11A/DGKZ/CCNE1/MAPK15/CDK18/TCIM/CDK5/MLF1/PSMB1/TFAP4/SMARCC1/ZWILCH/CCNY/CDK4/CDC25B/INTS3/PSMB2/PLK1/SPC24/CDKN3/PPP2R2D/TIMELESS/EGFR/EIF4G1/MIIP/DPF2/INTS7/TMSB4X/UBE2A/PBRM1/TFDP1/H2AX/NSUN2/SPAST/CUL4B/KHDRBS1/SMARCE1/PSMB6/PSMA3/CCNG1/CDK10/CCND1/ANAPC7/STK38/PSMB4/DNA2/XPC/CDC20/RDX/CCND2/PPP2CA/MYC/MUC1/RRM2/XRCC3/DNM2/CDK5RAP3/RHNO1/BRD4/PSMA6/ATM/CUL2/AURKB/CCNB1/STK35/BRCC3/INCENP/BRD7/NABP2/ZW10/CCNB3/ENSA/FOXM1/RPA2/ZFP36L1/STIL/BCL7B/CCNH/NBN/MASTL/DYNLRB1/FZR1/CDC7/E2F1/PSME1/PRPF19/CCNB2/PLCG2/RAD50/ACTB/SPC25/DDB1/PSMB5/USP22/FHL1/RPS27L/CCAR2/ACTL6A/ANLN/PSMA7/TRIP13/RBBP8/CDC25A/ERCC2/ADAMTS1/EME2/PSME3/PIM1/PAGR1/TEX14/CACUL1/RCC1/RRM1/PSMB7/TBX2/ESPL1/KLF4/KNTC1/SMARCA4/APPL1/USP44/PPP6C/PSMB3/ATAD5/FBXW7/SKP1/SMARCD1/BIRC5/SKP2/ARID1B/AKT1/USP28/CDC27/DLG1/PKD1/ORC1/INO80/MACROH2A1/SKA1/INHBA/SACK1D/CDK16/CCNI/TACC3/RCC2/ATP2B4/KANK2/EME1/CDCA8/TCF3/DTL/CCND3/SMARCB1/BRSK1/PTPN6/CHMP4B/CDKN1A/BCL7A/CUL1/BCL7C/NDC80/CCNA2/ABCB1/TICRR/CTDP1/CEP63/UBE2L3/UFL1/ARPP19/SLFN11/CCNE2/TELO2/USH1C/PRMT2/PKMYT1/PLK2/TRIAP1/CDC6/CACNB4/PDIK1L/DBF4B/ZWINT/SIRT2",191
"GO:0010506","GO:0010506","regulation of autophagy","139/3911","337/12961",0.412462908011869,1.36689638218917,4.48623486335568,8.03566622367571e-06,0.00295655119415383,0.00295655119415383,"MTCL2/KAT5/PLK3/OPTN/SH3GLB1/ELAPOR1/IRGM/RAB8A/TMEM39A/MAPK15/GPR137/ATP6V0D1/EXOC7/ATG16L1/CDK5/TBC1D25/HSPB1/TRIM65/CCNY/KEAP1/CDK5R1/HAX1/DAPK1/CTSA/EIF4G1/CTTN/ATP13A2/PIP4K2C/ZC3H12A/VPS35/TRIM8/GOLGA2/PIP4K2B/UBE2A/USP10/VDAC1/CUL4B/KDM4A/WIPI1/SNRNP70/SLC35D3/NUPR1/ELAVL1/VPS26A/USP13/ATP6V0C/ATP5IF1/RNF152/ATP6V0E2/ERFE/CAPNS1/STUB1/RRAGD/UCHL1/CDC37/ADCY10/DCAF12/FBXO7/DDIT3/DCN/CDK5RAP3/ATP6V0A1/ATM/PRKACA/TRIM13/ATG13/RRAGC/GSK3A/FYCO1/ROCK1/UBQLN4/NPRL3/HMGB1/XBP1/STING1/WDR41/PARK7/DDB1/RMC1/DEPP1/SMCR8/MTOR/TBC1D14/BAD/CASP3/SLC7A5/CSNK2A1/MLST8/PIK3CB/EIF4G2/ATP6V1G1/LEPR/EEF1A2/LAMP3/ABL2/IFI16/SVIP/FBXW7/SKP1/FOXK2/WDR6/SNX32/ATG12/AKT1/SNX4/CDK16/PHF23/TP53INP1/SIRT1/FLCN/SESN2/ATP6V1C1/BCL2L1/GATA4/BAG3/LARP1/LYPLA1/RAB39B/LRRK2/SETD2/RALB/MID2/CUL1/IRGQ/CPTP/ATG14/ERN1/UFL1/HSPB8/NOD1/GBA1/ATP6V0A2/TRIB3/FEZ1/PLK2/CISD1/SESN3/ORMDL3/SIRT2",139
"GO:0007346","GO:0007346","regulation of mitotic cell cycle","170/3911","429/12961",0.396270396270396,1.31323462185134,4.33720880509167,1.40213777949242e-05,0.00481494113477696,0.00481494113477696,"UBE2C/PLK3/PSMA4/LSM11/RPS6KB1/ASAH2/RAB11A/DGKZ/CCNE1/PSMB1/TFAP4/SMARCC1/ANAPC16/ZWILCH/CDK4/CDC25B/INTS3/PSMB2/ANGEL2/HES1/LGMN/PLK1/SPC24/TIMELESS/EGFR/EIF4G1/MIIP/DPF2/PDXP/PBRM1/TFDP1/TOM1L1/SMARCE1/PSMB6/PSMA3/CDK10/CCND1/ZNF268/ANAPC7/PAFAH1B1/PSMB4/XPC/CDC20/RDX/CCND2/PPP2CA/BRINP2/MUC1/RRM2/XRCC3/CDK5RAP3/BRD4/FBXW5/PSMA6/ATM/MKI67/AURKB/CCNB1/STK35/BRCC3/INCENP/TP73/BRD7/NABP2/ZW10/FOXM1/RPA2/ZFP36L1/IQGAP1/STIL/BCL7B/CCNH/NBN/MASTL/DYNLRB1/FZR1/APP/CUL9/CDC7/E2F1/PSME1/RAD50/ACTB/SPC25/DDB1/PSMB5/USP22/SMOC2/FHL1/RPS27L/ACTL6A/ANLN/PSMA7/TRIP13/RBBP8/CDC25A/CKS2/ERCC2/ADAMTS1/EME2/PSME3/PIM1/YWHAE/TEX14/RCC1/CDCA2/RRM1/PSMB7/ESPL1/KLF4/NEK7/HNRNPU/KNTC1/PDGFRB/SMARCA4/APPL1/USP44/PSMB3/FBXW7/SKP1/SMARCD1/BIRC5/ARID1B/AKT1/CDC27/DLG1/PKD1/ORC1/INO80/CTNNB1/SKA1/INHBA/ASNS/BCL6/SIRT1/RCC2/KANK2/PRMT5/EME1/CDCA8/TCF3/MAEA/DTL/CCND3/YTHDC2/SMARCB1/BRSK1/PTPN6/CDKN1A/BCL7A/TTLL12/CUL1/BCL7C/NDC80/BTG3/TICRR/HSF1/SLFN11/CCNE2/PRMT2/PKMYT1/TRIAP1/PRKCA/CDC6/CACNB4/PDIK1L/DBF4B/ZWINT/MDM2/SIRT2",170
"GO:0042176","GO:0042176","regulation of protein catabolic process","145/3911","358/12961",0.405027932960894,1.3422569775265,4.31696944823332,1.61426470718681e-05,0.00517350743175728,0.00517350743175728,"PCSK5/PLK3/MSN/PSMA4/CSNK1A1/PSMC1/BCAP31/ATRAID/HERPUD1/FHIT/DESI1/HSPA5/PSMB1/SGTA/CHMP6/RHBDF1/PSMB2/KEAP1/NSF/MGAT3/CTSC/ZER1/PLK1/CTSA/VGLL4/SORL1/EGFR/ATP13A2/PHB1/HSPBP1/LRP2/PSMD1/VPS35/BAG6/SNX12/HSP90AB1/CLU/PSMD2/SNRNP70/CREBRF/PSMB6/PSMA3/GLMN/NUPR1/ZNF268/XPO1/USP13/ATP5IF1/PSMB4/STUB1/CDC20/RDX/RGP1/SNX3/PSMC2/PDCL3/PSMD10/PAQR3/SIRT6/CDK5RAP3/PSMD3/RYBP/ODC1/PSMA6/OGT/SH3D19/PACSIN3/SNF8/CAV1/ADAM9/PRKACA/NQO1/GSK3A/ROCK1/USP14/TSPAN17/UBQLN4/FZR1/APP/XBP1/PSME1/USP5/ATXN3/ZNF418/PARK7/DDB1/PSMB5/DVL1/CCAR2/DCAF1/PSMA7/KAT2A/VCP/MTOR/MAP1A/ADRM1/GNA12/RAB7A/PSME3/CSNK2A1/EGLN2/ELOB/PSMB7/TIMP3/PSMC4/WDR91/EIF3H/EEF1A2/TMF1/LAMP3/PSMC5/SVIP/PSMB3/FBXW7/PSMD11/HSPA1A/AKT1/PKD1/RAD23B/PSMC3/SACK1D/ARAF/RNF41/MYLIP/TMX1/SIRT1/RNFT2/USP25/SF3B3/FURIN/DTL/CDH1/LRRK2/PPP2R3A/CSNK2B/QRICH2/GPX1/HSPA1B/UFL1/GBA1/TRIB3/PLK2/MDM2/L3MBTL3/SIRT2",145
"GO:0008380","GO:0008380","RNA splicing","174/3911","442/12961",0.393665158371041,1.30460089942395,4.28331106861542,1.74241332198753e-05,0.00517350743175728,0.00517350743175728,"PTBP1/RBM47/ALYREF/SRSF6/RTRAF/RBFOX2/RPS26/SNRNP25/PRPF8/SYNCRIP/SNRPD3/TAF5L/GEMIN7/COIL/DDX47/PRDX6/PPIL1/RBPMS2/CTNNBL1/C9orf78/RBM20/EFTUD2/ANGEL2/SRRM3/HNRNPM/ZBTB7A/MPHOSPH10/CWC15/FAM50A/SF1/SNRNP48/PUS1/RBM11/LUC7L3/RBM17/DAZAP1/THOC6/C1QBP/RRP1B/SF3A3/CIRSR/RBM19/KHDRBS1/RBM15B/SNRNP70/CLASRP/RBM38/CASC3/LSM2/SF3A1/PPP1R8/YBX1/RBM42/RBM23/ZMAT2/ILF3/YJU2/RBM22/SNRPB/TFIP11/HNRNPA1/CELF4/MBNL2/HNRNPL/PRPF6/PPP4R2/CIRBP/CLK1/HNRNPR/DHX16/ARVCF/RPUSD4/TAF6L/TADA2B/RBM3/DDX23/RRAGC/HNRNPUL1/ZNF326/HNRNPH2/DHX38/PQBP1/SNRNP200/KHSRP/PRPF39/H1-2/SNRPD2/PRPF19/CLNS1A/ZPR1/ACIN1/AHNAK/CELF2/AKAP17A/USP22/CCAR2/TADA3/PABPC1/KAT2A/RBM10/CWF19L1/SNRPC/RBM39/IVNS1ABP/ATXN7L3/GRSF1/PPARGC1A/SNU13/TSEN54/RNU2-1/CCNL1/MBNL3/THOC3/DDX1/HNRNPU/RBM15/LSM4/AAR2/TSEN34/FAM32A/HSPA1A/DDX5/PRPF3/TMBIM6/FASTK/CD2BP2/NCBP1/HNRNPA3/PRMT7/SFSWAP/NRDE2/SF3B4/ARGLU1/HNRNPUL2/RBM8A/THRAP3/SNRPG/CDK12/HSPA8/SF3B3/TRPT1/RALY/MBNL1/PRMT5/TRRAP/SCAF1/RBM24/FUS/WDR77/PRPF38A/NUP98/UBL5/SGF29/RNF113A/HTATSF1/RNPC3/ERN1/NONO/SRSF9/LUC7L2/PNN/PUF60/SNRPD1/USB1/ZCCHC8/U2AF2/HNRNPF/LSM7/SMU1/NCL/TSSC4/LSM3/PRMT1/LSM5",174
"GO:1903311","GO:1903311","regulation of mRNA metabolic process","125/3911","302/12961",0.413907284768212,1.37168302681687,4.29633977231716,1.85813305169895e-05,0.00517350743175728,0.00517350743175728,"PTBP1/RBM47/ALYREF/SRSF6/RBFOX2/TRAF5/PRPF8/SYNCRIP/SNRPD3/DHX34/SAMD4B/PRDX6/PNPT1/TUT7/RBPMS2/PDE12/RBM20/NYNRIN/EFTUD2/ANGEL2/TIRAP/LARP1B/ZBTB7A/CNOT3/ZC3H12A/IGF2BP1/RBM11/PUM2/DAZAP1/C1QBP/PAIP1/RBM19/KHDRBS1/RBM15B/TTC5/RBM38/CASC3/LSM2/ELAVL1/YBX1/CAPRIN1/RBM23/BTG2/ALKBH5/FXR2/SNRPB/HNRNPA1/CELF4/FASTKD5/HNRNPL/DDX6/KHNYN/CIRBP/CCNB1/CSDE1/ZFP36L1/ROCK1/SNRNP200/KHSRP/ZFP36/IGF2BP2/E2F1/CNOT7/H1-2/SNRPD2/CLNS1A/ACIN1/NT5C3B/CELF2/PABPC1/PIAS4/CNOT11/TOB1/APEX1/RBM39/HNRNPA0/CCNL1/HNRNPU/AHCYL1/RBM15/LSM4/PATL1/AAR2/TUT1/POLR2G/DDX5/AKT1/FASTK/XRN1/NCBP1/EDC4/SFSWAP/NRDE2/ARGLU1/RBM33/RBM8A/THRAP3/NANOS1/SNRPG/VIM/GDNF/CNOT9/SMG9/PRMT5/LARP1/MOV10/RBM24/FUS/SLIRP/WDR77/NUP98/LARP4B/SRSF9/PNN/PUF60/CSTF2/SNRPD1/CARHSP1/U2AF2/PRKCA/CSTF3/LSM7/SMU1/LSM3/LSM5",125
"GO:0035967","GO:0035967","cellular response to topologically incorrect protein","55/3911","112/12961",0.491071428571429,1.62740393395916,4.38372905023645,1.90830210062878e-05,0.00517350743175728,0.00517350743175728,"CTH/OPTN/ATF3/PIAS2/HERPUD1/PARP6/TMTC4/HSPA5/PTPN1/CREB3L1/BAX/YOD1/BAK1/HERPUD2/AKT2/CREBRF/STUB1/DAXX/DDIT3/RPAP2/CDK5RAP3/DNAJB12/PPP1R15B/CAV1/AKIRIN2/RHBDD2/XBP1/ATXN3/SERP1/RNF7/VCP/QRICH1/TM7SF3/EIF2AK3/TBL2/SHISA5/UFD1/TMEM33/KLHL15/MANF/HSPA1A/CREB3/PARP8/AKT1/TMBIM6/SIRT1/DERL1/BAG3/AATF/VAPB/PPP1R15A/ERN1/HSF1/UFL1/HSPB8",55
"GO:0000819","GO:0000819","sister chromatid segregation","100/3911","234/12961",0.427350427350427,1.41623341572204,4.2238060581085,2.72325155660259e-05,0.00677293722190724,0.00677293722190724,"KAT5/H3-3A/CHMP3/UBE2C/KIF4A/RANGRF/AKAP8/RAB11A/MAPK15/CHAMP1/KIF3B/SMARCC1/CHMP6/ZWILCH/PLK1/SPC24/KIF2C/DPF2/GOLGA2/PBRM1/RHOA/SPAG5/SKA2/SMARCE1/NUDC/CEP192/ANAPC7/CENPC/PSRC1/CDC20/NCAPH2/UHRF1/KIF22/STAG1/SMC1A/XRCC3/SMC3/ATM/TTN/AURKB/CCNB1/INCENP/KIF18B/BRD7/ZW10/ARHGEF10/BCL7B/KIFC1/DYNLRB1/KIF23/CHMP1A/ACTB/CENPI/SPC25/BCCIP/POLDIP2/ACTL6A/RAN/TRIP13/NSL1/NCAPH/TEX14/RCC1/PIBF1/KMT5A/ESPL1/MAPRE1/HNRNPU/KNTC1/SMARCA4/NCAPG2/USP44/LSM14A/SMARCD1/DRG1/BIRC5/HSPA1A/ARID1B/KATNB1/CDC27/INO80/KPNB1/SKA1/MAP9/TPX2/SIRT1/SEH1L/TACC3/CDCA8/SMARCB1/CHMP4B/BCL7A/RMI2/BCL7C/NDC80/HSPA1B/BAZ1B/CDC6/ZWINT/RRS1",100
"GO:0098813","GO:0098813","nuclear chromosome segregation","115/3911","276/12961",0.416666666666667,1.38082758032899,4.20397202860227,2.79144053414611e-05,0.00677293722190724,0.00677293722190724,"KAT5/H3-3A/CHMP3/UBE2C/KIF4A/RANGRF/ZCWPW1/AKAP8/RAB11A/MAPK15/CHAMP1/KIF3B/C9orf78/SMARCC1/CHMP6/ZWILCH/PLK1/SPC24/KIF2C/DPF2/CCNB1IP1/BAG6/GOLGA2/PBRM1/SYCP2/RHOA/SPAG5/SKA2/CENPQ/SMARCE1/DCAF13/NUDC/CEP192/ANAPC7/CENPC/PSRC1/CDC20/NCAPH2/UHRF1/KIF22/STAG1/SMC1A/XRCC3/SMC3/ATM/TTN/AURKB/CCNB1/INCENP/KIF18B/BRD7/ZW10/ARHGEF10/BCL7B/KIFC1/DYNLRB1/KIF23/CHMP1A/CDC42/ACTB/CENPI/SPC25/DDB1/BCCIP/POLDIP2/ACTL6A/RAN/TRIP13/GEM/NSL1/NCAPH/TEX14/RCC1/MSH5/PIBF1/KMT5A/ESPL1/MAPRE1/HNRNPU/KNTC1/SMARCA4/NCAPG2/USP44/LSM14A/SMARCD1/DRG1/BIRC5/HSPA1A/ARID1B/KATNB1/CDC27/INO80/KPNB1/SKA1/MAP9/SACK1D/TPX2/SIRT1/SEH1L/TACC3/RCC2/CDCA8/SMARCB1/CHMP4B/BCL7A/PMF1/RMI2/BCL7C/NDC80/HSPA1B/BAZ1B/CDC6/ZWINT/RRS1/SIRT2",115
"GO:0034620","GO:0034620","cellular response to unfolded protein","49/3911","98/12961",0.5,1.65699309639478,4.29165525546167,2.92582500509474e-05,0.00677293722190724,0.00677293722190724,"CTH/OPTN/ATF3/PIAS2/HERPUD1/PARP6/TMTC4/HSPA5/PTPN1/CREB3L1/BAX/YOD1/BAK1/HERPUD2/AKT2/CREBRF/STUB1/DAXX/DDIT3/RPAP2/CDK5RAP3/PPP1R15B/RHBDD2/XBP1/SERP1/RNF7/VCP/QRICH1/TM7SF3/EIF2AK3/TBL2/SHISA5/TMEM33/MANF/HSPA1A/CREB3/PARP8/AKT1/TMBIM6/SIRT1/DERL1/BAG3/AATF/VAPB/PPP1R15A/ERN1/HSF1/UFL1/HSPB8",49
"GO:1901990","GO:1901990","regulation of mitotic cell cycle phase transition","123/3911","299/12961",0.411371237458194,1.36327860104721,4.17778777927982,3.02421968751439e-05,0.00677293722190724,0.00677293722190724,"UBE2C/PLK3/PSMA4/LSM11/RAB11A/DGKZ/CCNE1/PSMB1/TFAP4/SMARCC1/ZWILCH/CDK4/CDC25B/INTS3/PSMB2/PLK1/SPC24/EGFR/EIF4G1/MIIP/DPF2/PBRM1/TFDP1/SMARCE1/PSMB6/PSMA3/CDK10/CCND1/ANAPC7/PSMB4/XPC/CDC20/RDX/CCND2/PPP2CA/MUC1/RRM2/XRCC3/CDK5RAP3/BRD4/PSMA6/ATM/AURKB/CCNB1/STK35/BRCC3/INCENP/BRD7/NABP2/ZW10/RPA2/ZFP36L1/STIL/BCL7B/CCNH/NBN/DYNLRB1/FZR1/CDC7/E2F1/PSME1/RAD50/ACTB/SPC25/DDB1/PSMB5/FHL1/RPS27L/ACTL6A/ANLN/PSMA7/TRIP13/RBBP8/CDC25A/ERCC2/ADAMTS1/PSME3/PIM1/TEX14/RRM1/PSMB7/ESPL1/KLF4/KNTC1/SMARCA4/APPL1/USP44/PSMB3/SMARCD1/BIRC5/ARID1B/AKT1/DLG1/PKD1/ORC1/INO80/SKA1/INHBA/RCC2/KANK2/CDCA8/TCF3/DTL/CCND3/SMARCB1/BRSK1/PTPN6/CDKN1A/BCL7A/BCL7C/NDC80/TICRR/SLFN11/CCNE2/PRMT2/PKMYT1/TRIAP1/CDC6/CACNB4/PDIK1L/DBF4B/ZWINT/SIRT2",123
"GO:0007059","GO:0007059","chromosome segregation","150/3911","377/12961",0.397877984084881,1.31856214567224,4.12645969310186,3.46921028397937e-05,0.00740239634459912,0.00740239634459912,"MTCL2/KAT5/H3-3A/CHMP3/UBE2C/KIF4A/CENPW/RANGRF/ZCWPW1/SAC3D1/RIOK3/AKAP8/HAUS3/CTCF/RAB11A/MAPK15/CHAMP1/KIF3B/C9orf78/SMARCC1/CHMP6/ZWILCH/CENPM/PLK1/SPC24/PPP2R2D/KIF2C/DPF2/CCDC86/CCNB1IP1/BAG6/GOLGA2/MAU2/PBRM1/PUM2/SYCP2/RHOA/SPAG5/SKA2/CENPQ/SMARCE1/DCAF13/NUDC/CEP192/ANAPC7/CENPN/CENPC/PSRC1/CDC20/NCAPH2/UHRF1/KIF22/STAG1/SMC1A/XRCC3/SMC3/ATM/MKI67/TTN/AURKB/CCNB1/INCENP/KIF18B/BRD7/ZW10/ARHGEF10/STIL/BCL7B/KIFC1/TLK1/DYNLRB1/KIF23/CHMP1A/CDC42/NCOR1/ACTB/CENPI/SPC25/DDB1/BCCIP/POLDIP2/ACTL6A/RAN/TRIP13/GEM/ERCC2/NSL1/CIAO1/CSNK2A1/NCAPH/TEX14/RCC1/MSH5/CDCA2/MAPRE2/CENPX/CENPP/PIBF1/HJURP/KMT5A/CCDC69/ESPL1/TOP1/NEK7/MAPRE1/HNRNPU/KNTC1/CENPS/SMARCA4/NCAPG2/USP44/RNF4/LSM14A/SMARCD1/DRG1/BIRC5/HSPA1A/ARID1B/KATNB1/CDC27/INO80/KPNB1/SKA1/MAP9/SACK1D/TPX2/BEX4/SIRT1/SEH1L/TACC3/RCC2/CDCA8/SMARCAD1/SMARCB1/CHMP4B/BCL7A/PMF1/RMI2/BCL7C/NDC80/CEP63/HSPA1B/FIRRM/BAZ1B/PPP2R1A/RGS14/CDC6/ZWINT/RRS1/SIRT2",150
"GO:1905897","GO:1905897","regulation of response to endoplasmic reticulum stress","44/3911","86/12961",0.511627906976744,1.69552781956676,4.25414444074801,3.59269867239328e-05,0.00740239634459912,0.00740239634459912,"BCAP31/HERPUD1/HSPA5/SGTA/PTPN1/CREB3L1/BAX/BAK1/BAG6/CLU/AKT2/CREBRF/NUPR1/USP13/STUB1/LPCAT3/DDIT3/PPP1R15B/CAV1/USP14/APP/XBP1/ATXN3/PARK7/PMAIP1/EIF2AK3/SHISA5/TMEM33/MANF/SVIP/HSPA1A/CREB3/AKT1/TMBIM6/TMX1/SIRT1/RNFT2/USP25/BCL2L1/OPA1/LRRK2/PPP1R15A/ERN1/UFL1",44
"GO:0006397","GO:0006397","mRNA processing","182/3911","472/12961",0.385593220338983,1.27785060823666,4.04241258673445,4.57052340058323e-05,0.00905491001400161,0.00905491001400162,"PTBP1/RBM47/ALYREF/SRSF6/RBFOX2/LSM11/SNRNP25/PRPF8/SYNCRIP/SNRPD3/GEMIN7/COIL/DDX47/SSU72/PRDX6/PNPT1/PPIL1/TENT2/RBPMS2/CMTR1/CTNNBL1/C9orf78/PDE12/RBM20/EFTUD2/ANGEL2/TRUB2/HNRNPM/ZBTB7A/CWC15/FAM50A/SF1/SNRNP48/PUS1/RBM11/LUC7L3/RBM17/TRMT61A/DAZAP1/THOC6/C1QBP/RRP1B/NSUN2/SF3A3/CIRSR/RBM19/KHDRBS1/RBM15B/SNRNP70/CLASRP/RBM38/PCIF1/CASC3/LSM2/SF3A1/PPP1R8/YBX1/RBM42/RBM23/ZMAT2/ILF3/YJU2/ALKBH5/RBM22/SNRPB/TFIP11/HNRNPA1/CELF4/XRN2/FASTKD5/MBNL2/HNRNPL/PRPF6/PPP4R2/CIRBP/HNRNPR/DHX16/ARVCF/RPUSD4/CCNB1/PRKACA/ZFP36L1/RBM3/DDX23/HNRNPUL1/ZNF326/DHX38/PQBP1/SNRNP200/KHSRP/PRPF39/RPRD1B/H1-2/SNRPD2/PRPF19/CLNS1A/ZPR1/ACIN1/CELF2/AKAP17A/CCAR2/RPUSD3/PABPC1/RBM10/CWF19L1/SNRPC/RBM39/HNRNPA0/IVNS1ABP/GRSF1/PPARGC1A/SNU13/TSEN54/RNU2-1/CCNL1/MBNL3/THOC3/DDX1/HNRNPU/AHCYL1/RBM15/LSM4/AAR2/TSEN34/TUT1/FAM32A/ADAR/DDX5/PRPF3/CPSF7/CD2BP2/NCBP1/HNRNPA3/PRMT7/PABPN1/SFSWAP/NRDE2/SF3B4/ARGLU1/HNRNPUL2/RBM8A/THRAP3/SNRPG/CDK12/TRUB1/HSPA8/CPSF2/SF3B3/RALY/MBNL1/PRMT5/SCAF1/RBM24/WDR77/NBDY/PRPF38A/NUP98/UBL5/CPSF6/RNF113A/HTATSF1/RNPC3/PAPOLG/ERN1/HSF1/NONO/SRSF9/LUC7L2/PNN/PUF60/CSTF2/SNRPD1/ZCCHC8/U2AF2/CSTF3/HNRNPF/LSM7/SMU1/NCL/TSSC4/LSM3/LSM5",182
"GO:1901987","GO:1901987","regulation of cell cycle phase transition","157/3911","403/12961",0.389578163771712,1.29105665575177,3.9020419836521,8.23480318926033e-05,0.0157101745288444,0.0157101745288444,"UBE2C/PLK3/PSMA4/LSM11/DOT1L/RAB11A/DGKZ/CCNE1/MAPK15/CDK18/TCIM/CDK5/MLF1/PSMB1/TFAP4/SMARCC1/ZWILCH/CDK4/CDC25B/INTS3/PSMB2/PLK1/SPC24/TIMELESS/EGFR/EIF4G1/MIIP/DPF2/INTS7/TMSB4X/PBRM1/TFDP1/H2AX/NSUN2/CUL4B/SMARCE1/PSMB6/PSMA3/CDK10/CCND1/ANAPC7/STK38/PSMB4/DNA2/XPC/CDC20/RDX/CCND2/PPP2CA/MUC1/RRM2/XRCC3/CDK5RAP3/RHNO1/BRD4/PSMA6/ATM/AURKB/CCNB1/STK35/BRCC3/INCENP/BRD7/NABP2/ZW10/RPA2/ZFP36L1/STIL/BCL7B/CCNH/NBN/DYNLRB1/FZR1/CDC7/E2F1/PSME1/PRPF19/PLCG2/RAD50/ACTB/SPC25/DDB1/PSMB5/FHL1/RPS27L/CCAR2/ACTL6A/ANLN/PSMA7/TRIP13/RBBP8/CDC25A/ERCC2/ADAMTS1/EME2/PSME3/PIM1/PAGR1/TEX14/RRM1/PSMB7/TBX2/ESPL1/KLF4/KNTC1/SMARCA4/APPL1/USP44/PSMB3/ATAD5/FBXW7/SKP1/SMARCD1/BIRC5/ARID1B/AKT1/USP28/DLG1/PKD1/ORC1/INO80/MACROH2A1/SKA1/INHBA/SACK1D/CDK16/RCC2/ATP2B4/KANK2/EME1/CDCA8/TCF3/DTL/CCND3/SMARCB1/BRSK1/PTPN6/CDKN1A/BCL7A/CUL1/BCL7C/NDC80/TICRR/CEP63/UFL1/SLFN11/CCNE2/TELO2/PRMT2/PKMYT1/TRIAP1/CDC6/CACNB4/PDIK1L/DBF4B/ZWINT/SIRT2",157
"GO:0034976","GO:0034976","response to endoplasmic reticulum stress","102/3911","246/12961",0.414634146341463,1.3740918360347,3.8941235011676,9.70075751147595e-05,0.0178459292648617,0.0178459292648617,"CTH/FAM8A1/ECPAS/FBXO17/BCAP31/ATF3/CLGN/PIAS2/HERPUD1/PARP6/TMTC4/HSPA5/SGTA/GET4/PTPN1/EIF4G1/CREB3L1/BAX/YOD1/BAK1/BAG6/HERPUD2/JUN/CLU/AKT2/CREBRF/NUPR1/USP13/STUB1/UBE4A/FOXRED2/LPCAT3/MARCKS/TNFRSF10B/MAN1A1/FIS1/DDIT3/UFC1/RPAP2/CDK5RAP3/DNAJB12/CHAC1/PPP1R15B/PDIA4/CAV1/TRIM13/RHBDD2/USP14/APP/XBP1/RNF121/TMUB1/ATXN3/PARK7/SERP1/FBXO44/RNF7/PMAIP1/VCP/QRICH1/SCAMP5/AIFM1/ATP2A2/EIF2AK3/RASGRF1/TBL2/TRIM25/SHISA5/UFD1/TMEM33/MANF/CREB3L2/SVIP/HSPA1A/CREB3/PARP8/AKT1/TMBIM6/TMCO1/NPLOC4/TMX1/SIRT1/DERL1/RNFT2/USP25/SESN2/BCL2L1/OPA1/CCDC47/UBE2G2/LRRK2/AATF/VAPB/FAF2/PPP1R15A/SGF29/ERLIN2/ERN1/CXCL8/UFL1/NOD1/TRIB3",102
"GO:0043161","GO:0043161","proteasome-mediated ubiquitin-dependent protein catabolic process","176/3911","461/12961",0.38177874186551,1.26520947924287,3.81159385489509,0.000112571408040317,0.019204648467872,0.019204648467872,"KAT5/PJA2/UBE2C/PLK3/FBXO17/NHLRC3/PSMA4/RIOK3/CSNK1A1/PSMC1/FEM1C/CCNF/HERC2/RAB40B/KDM2A/FHIT/PCBP2/DESI1/PSMB1/ANAPC16/KCTD17/PSMB2/KEAP1/ARMC5/ZER1/FBXO48/PLK1/BTRC/ARIH2/LZTR1/NEMF/HSPBP1/PSMD1/ASCC3/BAG6/FBXL19/PCNP/UBE2A/HSP90AB1/RNF216/CLU/PSMD2/CUL4B/KLHL25/KDM2B/KLHDC2/DCAF13/PSMB6/PSMA3/GLMN/XPO1/ANAPC7/PSMB4/STUB1/LMO7/CDC20/UCHL1/KCMF1/DCAF12/FBXO7/MARCHF8/PSMC2/YPEL5/DDIT3/UBE2N/PEX10/PSMD10/UBXN11/PAQR3/SIRT6/RBCK1/PSMD3/FBXW5/RYBP/KBTBD8/PSMA6/OGT/CUL2/WDR26/FBXO28/TRIM13/RNF187/AKIRIN2/DMAC2/GSK3A/USP14/FBXO25/FBXO33/TSPAN17/UBQLN4/FZR1/UBXN2B/KLHL3/USP5/ATXN3/ZNF418/PARK7/RNF122/DDB1/PSMB5/FBXO44/DVL1/ARRB2/CCAR2/DCAF1/PSMA7/RNF7/KAT2A/VCP/FBXW2/MTOR/KLHL21/MAP1A/ADRM1/GNA12/KLHL24/FBXW4/IVNS1ABP/CSNK2A1/TRIM28/ELOB/PSMB7/UFD1/PSMC4/EIF3H/KLHL15/PSMC5/KLHL28/RHOBTB3/USP44/FBXO36/RNF4/PSMB3/KLHDC3/FBXW7/SKP1/ASCC2/TRAF4/PSMD11/HSPA1A/UBE2G1/SKP2/AKT1/CDC27/KBTBD3/FBXO8/RAD23B/WWP2/CTNNB1/PSMC3/ARAF/NPLOC4/MYCBP2/SIRT1/DERL1/RNF10/KBTBD4/MAEA/DTL/LRRK2/FAF2/KLHL41/ZNF598/FBXL12/CSNK2B/KLHL2/CUL1/PSMB10/HSPA1B/UFL1/TBL1XR1/TRIB3/ENC1/MDM2/FEM1A/SIRT2",176
"GO:0010499","GO:0010499","proteasomal ubiquitin-independent protein catabolic process","14/3911","19/12961",0.736842105263158,2.4418845631081,4.13455443482838,0.000114907543415026,0.019204648467872,0.019204648467872,"PSME4/PSMA4/PSMB1/PSMB2/PSMB6/PSMA3/PSMB4/PSMA6/PSMB5/PSMA7/PSMB7/PSMB3/PSMB10/ENC1",14
"GO:0035966","GO:0035966","response to topologically incorrect protein","67/3911","150/12961",0.446666666666667,1.48024716611267,3.88902776647315,0.00011557835420385,0.019204648467872,0.019204648467872,"CTH/OPTN/ATF3/PIAS2/HERPUD1/HSPA2/PARP6/TMTC4/HSPA5/HSPA1L/HSPB1/PTPN1/CREB3L1/BAX/YOD1/BAK1/HERPUD2/SERPINH1/HSP90AB1/CLU/AKT2/CREBRF/STUB1/DAXX/DDIT3/RPAP2/CDK5RAP3/DNAJB12/CHAC1/PPP1R15B/CAV1/AKIRIN2/RHBDD2/XBP1/ATXN3/SERP1/DNAJB1/RNF7/VCP/QRICH1/TM7SF3/HSPA6/EIF2AK3/TBL2/SHISA5/UFD1/TMEM33/KLHL15/MANF/CREB3L2/HSPA1A/CREB3/PARP8/AKT1/TMBIM6/SIRT1/DERL1/HSPA8/BAG3/AATF/VAPB/FAF2/PPP1R15A/ERN1/HSF1/UFL1/HSPB8",67
"GO:0072331","GO:0072331","signal transduction by p53 class mediator","69/3911","157/12961",0.439490445859873,1.45646526944255,3.78274313749342,0.000167914810971197,0.0268794854723269,0.0268794854723269,"KAT5/PLK3/DDIT4/MAPKAPK5/ZNHIT1/TAF9B/FHIT/MLF1/TFAP4/BOP1/ZNF385A/PIP4P1/EIF5A/HEXIM1/TWIST1/BAG6/USP10/AARS1/SNAI2/PLA2R1/RBM38/MYBBP1A/SPRED2/YJU2/DYRK2/CASP2/MYC/MUC1/NDRG1/PSMD10/CDK5RAP3/ATM/AURKB/TP73/GTSE1/FOXM1/TP53BP2/NBN/RPS27L/PMAIP1/EEF1E1/MTOR/CSNK2A1/KMT5A/SOX4/IFI16/SMARCA4/ATAD5/DDX5/AKT1/USP28/CD44/HINT1/PTTG1IP/SIRT1/SESN2/PRMT5/NOP2/RPL26/CDKN1A/BCL2L12/PPP1R15A/URB2/PDK2/POU4F1/PLK2/TRIAP1/MDM2/RRS1",69
"GO:0030968","GO:0030968","endoplasmic reticulum unfolded protein response","43/3911","88/12961",0.488636363636364,1.61933416238581,3.83220388555832,0.000172204042047522,0.0268794854723269,0.0268794854723269,"CTH/ATF3/PIAS2/HERPUD1/PARP6/TMTC4/HSPA5/PTPN1/CREB3L1/BAX/YOD1/BAK1/HERPUD2/AKT2/CREBRF/STUB1/DDIT3/RPAP2/CDK5RAP3/PPP1R15B/RHBDD2/XBP1/SERP1/RNF7/VCP/QRICH1/EIF2AK3/TBL2/SHISA5/TMEM33/MANF/HSPA1A/CREB3/PARP8/AKT1/TMBIM6/SIRT1/DERL1/AATF/VAPB/PPP1R15A/ERN1/UFL1",43
"GO:0030330","GO:0030330","DNA damage response, signal transduction by p53 class mediator","35/3911","68/12961",0.514705882352941,1.70572818746522,3.8356330145206,0.000188309137511284,0.0285288343329596,0.0285288343329596,"KAT5/PLK3/ZNHIT1/TFAP4/ZNF385A/TWIST1/USP10/SNAI2/PLA2R1/RBM38/SPRED2/YJU2/CASP2/MUC1/NDRG1/PSMD10/ATM/GTSE1/FOXM1/NBN/RPS27L/PMAIP1/EEF1E1/KMT5A/SOX4/DDX5/CD44/PTTG1IP/SIRT1/SESN2/RPL26/CDKN1A/PLK2/TRIAP1/MDM2",35
"GO:0070914","GO:0070914","UV-damage excision repair","10/3911","12/12961",0.833333333333333,2.76165516065797,4.01342847030167,0.000216333980945268,0.0290068335052922,0.0290068335052922,"CUL4B/XPC/DDB1/H2AC25/ACTR5/ERCC1/INO80/SIRT1/XPA/DDB2",10
"GO:1900025","GO:1900025","negative regulation of substrate adhesion-dependent cell spreading","10/3911","12/12961",0.833333333333333,2.76165516065797,4.01342847030167,0.000216333980945268,0.0290068335052922,0.0290068335052922,"DMTN/EFNA5/GBP1/ACTN4/CORO1C/SPRY4/FBLN1/RCC2/MELTF/ITGB1BP1",10
"GO:0006402","GO:0006402","mRNA catabolic process","105/3911","259/12961",0.405405405405405,1.34350791599577,3.6709012061427,0.00021753826636893,0.0290068335052922,0.0290068335052922,"RBM47/ALYREF/TRAF5/LSM11/SYNCRIP/SNRPD3/DHX34/SKIC8/SAMD4B/PNPT1/TENT2/TUT7/PDE12/AGO1/NYNRIN/ANGEL2/TIRAP/LARP1B/CNOT3/SMG7/ZC3H12A/SSB/IGF2BP1/PUM2/PAIP1/TTC5/RBM38/CASC3/LSM2/ELAVL1/YBX1/CAPRIN1/BTG2/RNH1/ALKBH5/FXR2/SNRPB/N4BP2/XRN2/FASTKD5/DDX6/KHNYN/CIRBP/LSM14B/ATM/EXOSC10/MRTO4/CSDE1/ZFP36L1/ROCK1/KHSRP/ZFP36/IGF2BP2/E2F1/CNOT7/NT5C3B/PABPC1/PIAS4/CNOT11/TOB1/APEX1/HNRNPA0/HNRNPU/LSM4/PATL1/TUT1/POLR2G/HSPA1A/DDX5/AKT1/FASTK/XRN1/NCBP1/EDC4/NRDE2/RBM33/RBM8A/THRAP3/NANOS1/SNRPG/DXO/VIM/GDNF/CNOT9/SMG9/CPSF2/LARP1/MOV10/RBM24/FUS/SLIRP/NBDY/EXOSC3/LARP4B/ERN1/HSPA1B/SMG6/PNN/CSTF2/CARHSP1/DIS3L/PRKCA/LSM7/LSM3/LSM5",105
"GO:0009896","GO:0009896","positive regulation of catabolic process","180/3911","478/12961",0.376569037656904,1.24794459142703,3.63104157347137,0.000218122885894807,0.0290068335052922,0.0290068335052922,"KAT5/NNT/PLK3/MSN/OPTN/SH3GLB1/ELAPOR1/IRGM/CSNK1A1/BCAP31/SYNCRIP/HERPUD1/SAMD4B/PNPT1/TUT7/ATG16L1/HSPA5/PDE12/SGTA/NYNRIN/TRIM65/CCNY/ZC3H18/KEAP1/NSF/CTSC/ZER1/PLK1/DAPK1/PTPN1/VGLL4/ZBTB20/SORL1/CNOT3/PIP4K2C/ZC3H12A/BAX/HSPBP1/LRP2/VPS35/IGF2BP1/TRIM8/TWIST1/BAG6/PIP4K2B/UBE2A/PUM2/VDAC1/PAIP1/CLU/AKT2/WIPI1/TTC5/CREBRF/LSM2/SLC35D3/NUPR1/ZNF268/ELAVL1/USP13/YBX1/ATP5IF1/RNF152/CAPRIN1/STUB1/CDC20/RDX/UCHL1/CDC37/ADCY10/BTG2/FBXO7/ALKBH5/PSMC2/FXR2/PSMD10/PAQR3/SIRT6/DCN/CDK5RAP3/DDX6/KHNYN/SH3D19/PACSIN3/NEAT1/SNF8/CAV1/CSDE1/ADAM9/PRKACA/TRIM13/ZFP36L1/ATG13/GSK3A/FYCO1/ROCK1/KHSRP/FZR1/NPRL3/APP/HMGB1/XBP1/ZFP36/CNOT7/STING1/USP5/ATXN3/PARK7/NT5C3B/DDB1/DVL1/DCAF1/SMCR8/PABPC1/VCP/MTOR/CNOT11/TOB1/BAD/CASP3/RAB7A/CSNK2A1/GRSF1/MLST8/PIK3CB/EGLN2/ELOB/HNRNPU/LSM4/PATL1/PSMC5/SVIP/TUT1/FBXW7/POLR2G/HSPA1A/AKT1/XRN1/PSMC3/SNX4/EDC4/CDK16/RNF41/TP53INP1/NANOS1/MYLIP/TMX1/DXO/SIRT1/RNFT2/CNOT9/FLCN/SESN2/BAG3/LARP1/FURIN/DTL/MOV10/LRRK2/RBM24/SETD2/RALB/PPP2R3A/MID2/IRGQ/HSPA1B/UFL1/HSPB8/NOD1/TRIB3/PLK2/LSM7/SESN3/MDM2/ORMDL3/L3MBTL3/LSM3/ARNT/SIRT2/LSM5",180
"GO:0071345","GO:0071345","cellular response to cytokine stimulus","182/3911","484/12961",0.37603305785124,1.24616836175145,3.62845672539338,0.000219620754553755,0.0290068335052922,0.0290068335052922,"AGPAT1/RBM47/LIMS1/ABCA1/TNFRSF21/RNF220/TRAF5/INHBB/TRIM44/IRGM/PSMA4/PSMC1/PRPF8/SYNCRIP/RPS6KB1/MAVS/ASAH2/IFIT2/AQP4/PADI2/CFL1/PNPT1/SOX9/PTPRJ/PXDN/EDA2R/CD70/PDE12/PSMB1/TNIP2/MAPK1/CAPN2/TRIM65/PSMB2/CDK5R1/GSDME/HAX1/HES1/DAPK1/PTPN1/MIB2/SORL1/GBP2/YAP1/EIF5A/PHB1/ZC3H12A/SYK/PSMD1/GBP1/TMSB4X/IL27RA/IRF7/RHOA/H2BC11/USP10/XIAP/MMP2/ADIPOR1/PSMD2/IL10RB/SNRNP70/PSMB6/SPPL2A/PSMA3/ZNF268/YY1/GPER1/PSMB4/NPNT/ACTN4/SLIT2/CDC37/DICER1/KRAS/PSMC2/JAK3/IL20RA/PELI3/AGPAT2/SIN3A/SHPK/PSMD3/PSMA6/CSF1/SLIT3/PRKACA/IRAK1/ITGA4/ZFP36L1/GSK3A/RIPK1/GAS6/CCR4/PTGIS/KHSRP/EGR1/TRIM56/TSLP/XBP1/ZFP36/PSME1/CNOT7/IL16/STING1/CXCL12/TRAF3/IL18BP/DPYSL3/ADAMTS7/BBS4/LDLRAP1/ARHGEF2/PSMB5/IL11/IFITM1/ARRB2/PSMA7/KAT2A/TRAIP/ADRM1/PIM1/IRF3/FOS/COMMD7/OSMR/HLA-DPA1/SLC12A2/PSMB7/PSMC4/LEPR/HNRNPU/RBM15/IFI16/RPS6KA5/FZD4/APPL1/PSMC5/PSMB3/CNTFR/PSMD11/HSPA1A/ADIPOR2/AKT1/ZFAND6/CD44/PSMC3/INHBA/OTUD4/UBE2K/CRLF1/CCR6/SIRT1/HYAL3/ASS1/USP25/CD24/ETV3/KIT/NR1D1/WBP1L/FAS/UBE2G2/STAT5B/SIGIRR/SAMHD1/TNFRSF13C/PTPN6/TTLL12/CSNK2B/CD47/PLP2/RNF113A/IL18R1/HSPA1B/CXCL8/NFAT5/PTPN11/FGF23/GBA1/POU4F1/CPNE1",182
"GO:0006986","GO:0006986","response to unfolded protein","60/3911","134/12961",0.447761194029851,1.4838744146819,3.70121769616165,0.00023639127458983,0.0304412863853053,0.0304412863853053,"CTH/OPTN/ATF3/PIAS2/HERPUD1/HSPA2/PARP6/TMTC4/HSPA5/HSPA1L/HSPB1/PTPN1/CREB3L1/BAX/YOD1/BAK1/HERPUD2/SERPINH1/HSP90AB1/AKT2/CREBRF/STUB1/DAXX/DDIT3/RPAP2/CDK5RAP3/CHAC1/PPP1R15B/RHBDD2/XBP1/SERP1/DNAJB1/RNF7/VCP/QRICH1/TM7SF3/HSPA6/EIF2AK3/TBL2/SHISA5/TMEM33/MANF/CREB3L2/HSPA1A/CREB3/PARP8/AKT1/TMBIM6/SIRT1/DERL1/HSPA8/BAG3/AATF/VAPB/FAF2/PPP1R15A/ERN1/HSF1/UFL1/HSPB8",60
"GO:2001234","GO:2001234","negative regulation of apoptotic signaling pathway","68/3911","156/12961",0.435897435897436,1.44455808403648,3.67217304970843,0.000249705368708,0.03137152083451,0.03137152083451,"MAPK8IP2/ASAH2/HERPUD1/EYA4/PPIF/TAF9B/FGF2/HSPB1/PEA15/ZNF385A/PTPN1/TMEM14A/CREB3L1/BAK1/GRINA/SLC35F6/ITGA6/SNAI2/CLU/FBXO7/MUC1/PELI3/PSMD10/FAIM/ZMYND11/GHITM/RIPK1/GNAI2/PRELID1/XBP1/CXCL12/PARK7/ARHGEF2/CCAR2/PSME3/CSNK2A1/PIK3CB/KLF4/MAZ/NR4A2/ATAD5/UNC5B/HSPA1A/CREB3/AKT1/TMBIM6/CD44/CTNNB1/PPIA/TMEM161A/PTTG1IP/SIRT1/GDNF/BCL2L1/OPA1/GATA4/FXN/LRRK2/EYA1/SCG2/BCL2L12/GPX1/HSPA1B/NONO/QARS1/TRIAP1/MDM2/TGFBR1",68
"GO:0140053","GO:0140053","mitochondrial gene expression","73/3911","170/12961",0.429411764705882,1.4230646592567,3.65006903405272,0.000263086425141799,0.0320889268143152,0.0320889268143152,"MRPS11/MRPL4/MTG1/TRMU/MTERF1/OSGEPL1/MRPL12/NGRN/MRPL23/MRPS5/PNPT1/MRPL35/MRPL41/MRPL11/SHMT2/ANGEL2/SLC25A33/TRUB2/MTRFR/PUS1/MRPL19/EARS2/C1QBP/MRPL37/MRPL3/MRPS18A/MRPS23/AURKAIP1/MRPL1/MRPL40/MRPL54/FASTKD5/MRPS15/MRPL27/MRPL46/RPUSD4/MRPL44/TACO1/MTRF1/MRPL38/MRPL36/PRORP/MRPS7/MRPS10/GADD45GIP1/KANSL3/RPUSD3/MRPL45/TFAM/MRPL28/MRPL20/MRPS12/MRPS24/MTG2/IARS2/TRIT1/METTL8/MRPL14/FASTK/MRPS35/HSD17B10/MRPS18B/SARS2/AARS2/MRPL47/MRPS16/TSFM/SLIRP/COA3/MRPL15/POLRMT/MRPL53/WARS2",73
"GO:0030490","GO:0030490","maturation of SSU-rRNA","35/3911","69/12961",0.507246376811594,1.68100748909616,3.72853654367143,0.000272201722374884,0.0320889268143152,0.0320889268143152,"BMS1/RIOK3/TSR2/TSR1/RRP7A/DHX37/NOL6/MPHOSPH10/RRP36/NOP14/UTP3/DCAF13/WDR43/UTP20/KRI1/UTP14A/RRP9/NOL10/NAT10/ABT1/SRFBP1/TRMT112/UTP18/SNU13/TSR3/UTP25/SLX9/EMG1/NOL11/AATF/NOP9/IMP3/FCF1/RRS1/RPP40",35
"GO:0033119","GO:0033119","negative regulation of RNA splicing","20/3911","33/12961",0.606060606060606,2.00847648047853,3.81310874949646,0.000278508326400809,0.0320889268143152,0.0320889268143152,"PTBP1/SRSF6/RPS26/PRPF8/SNRPD3/RBM20/EFTUD2/ANGEL2/C1QBP/SNRPB/SNRNP200/SNRPD2/ACIN1/AAR2/TMBIM6/SFSWAP/SNRPG/SRSF9/SNRPD1/U2AF2",20
"GO:0022613","GO:0022613","ribonucleoprotein complex biogenesis","182/3911","486/12961",0.374485596707819,1.24104009688827,3.56048589682831,0.000280334247067401,0.0320889268143152,0.0320889268143152,"BMS1/BRIX1/SPOUT1/SRSF6/MTG1/EIF3I/RIOK3/SNRNP25/GRWD1/TSR2/PRPF8/SYNCRIP/SNRPD3/NGRN/GEMIN7/COIL/PWP1/DDX47/PELP1/TSR1/RRP7A/AGO1/DHX37/EFTUD2/DDX27/BOP1/NOL6/NHP2/NOM1/MPHOSPH10/RRP36/RPP30/SF1/SNRNP48/ERI3/METTL25B/LUC7L3/EIF1AX/DDX18/C1QBP/RRP1B/HSP90AB1/NOP14/LSG1/UTP3/SF3A3/CUL4B/EIF3B/PA2G4/RIOX2/SNRNP70/DCAF13/GTPBP6/LSM2/EIF3C/SF3A1/GLUL/XPO1/NOP16/RPS17/EIF3CL/RBM42/MYBBP1A/YJU2/DICER1/NOLC1/WDR43/SNRPB/EBNA1BP2/ISG20L2/CELF4/XRN2/EIF2S3/EIF5/RPS19BP1/PRPF6/ATM/EXOSC10/RPUSD4/MRTO4/DKC1/DDX28/DDX23/NOL8/RPSA/UTP20/KRI1/SNRNP200/UTP14A/NDUFAB1/PRPF39/MRM3/SNRPD2/PRPF19/RRP9/CLNS1A/RCC1L/NOL10/DDX51/TARBP2/NAT10/CELF2/RPS27L/EIF3A/RAN/RPUSD3/ABT1/RBM10/RPUSD1/SNRPC/SRFBP1/DDX54/TRMT112/UTP18/GNL3L/MDN1/SNU13/RNU2-1/PIN4/POP4/EIF3H/COPRS/NSUN6/DDX1/MTG2/PPAN/URB1/EIF3G/LSM4/AAR2/ADAR/TSR3/PDCD11/UTP25/PRPF3/RRP15/CD2BP2/NCBP1/PRMT7/SFSWAP/SF3B4/SLX9/SNRPG/DDX56/EMG1/SF3B3/PRMT5/TRMT2B/EIF2S2/NOL11/NOP2/RPL26/AATF/WDR77/NOP9/EXOSC3/PES1/DENR/SUV39H1/IMP3/HTATSF1/FCF1/RUVBL1/DDX49/SRSF9/LUC7L2/URB2/PUF60/SNRPD1/TCOF1/RPS15A/XRCC5/U2AF2/LSM7/TSSC4/RRS1/DHX30/DDX21/LSM3/RPP40/NMD3/LSM5",182
"GO:0006979","GO:0006979","response to oxidative stress","130/3911","333/12961",0.39039039039039,1.29374836355148,3.56987003264516,0.000293550264495539,0.0328712480960113,0.0328712480960113,"PLK3/MEAK7/AIFM2/PSMA4/PSMC1/MT-ND3/MICB/CFL1/PRDX6/PNPT1/PPIF/GCLM/PXDN/NDOR1/PSMB1/CAPN2/PSMB2/KEAP1/MGAT3/DAPK1/CRK/ATP13A2/ZC3H12A/CAT/RHOB/PSMD1/BAK1/RBM11/GPX4/PRDX2/MMP2/PSMD2/PLA2R1/ALB/PSMB6/DHRS2/PSMA3/PSMB4/KCMF1/STAU1/SLC8A1/DHFR/RAD52/PSMC2/PAWR/SLC25A14/GPX3/PEX10/SIN3A/GSR/PSMD3/FBN1/PSMA6/ATM/TXNIP/MSRB2/MAPKAP1/BANF1/ADAM9/NQO1/ADCYAP1R1/RIPK1/GCLC/XBP1/PSME1/CRYAB/IL18BP/PARK7/GPR37/PSMB5/PSMA7/C19orf12/MT-ND1/SELENON/MT-ND5/AIFM1/ERCC2/ADRM1/CASP3/PSME3/FOS/OGG1/STAU2/PPARGC1A/TRIM25/ERCC1/PRDX1/NAPRT/PSMB7/PAM/PSMC4/KLF4/TPO/ABL2/PSMC5/PXN/PSMB3/PSMD11/HSPA1A/AKT1/MACROH2A1/PSMC3/TET1/PPP5C/PPIA/TMEM161A/SIRT1/USP25/SESN2/FXN/LRRK2/PRDX3/PARP1/SLC23A2/SRXN1/CUL1/PDGFRA/GPX1/ERN1/HSPA1B/PDK2/SOD1/PDLIM1/RGS14/PRKCA/SESN3/MDM2/SLC11A2/ARNT/SIRT2",130
"GO:0048024","GO:0048024","regulation of mRNA splicing, via spliceosome","49/3911","106/12961",0.462264150943396,1.53193701364801,3.61492442390441,0.00034456562267761,0.03710262991121,0.03710262991121,"PTBP1/RBM47/SRSF6/RBFOX2/PRPF8/SNRPD3/PRDX6/RBPMS2/RBM20/EFTUD2/ZBTB7A/RBM11/DAZAP1/C1QBP/RBM19/KHDRBS1/RBM15B/RBM23/SNRPB/HNRNPA1/CELF4/HNRNPL/SNRNP200/H1-2/SNRPD2/CLNS1A/ACIN1/CELF2/RBM39/CCNL1/HNRNPU/RBM15/AAR2/DDX5/NCBP1/SFSWAP/ARGLU1/RBM8A/THRAP3/SNRPG/PRMT5/RBM24/WDR77/NUP98/SRSF9/PUF60/SNRPD1/U2AF2/SMU1",49
"GO:1900180","GO:1900180","regulation of protein localization to nucleus","52/3911","114/12961",0.456140350877193,1.51164282478121,3.6069537261318,0.000345743784845288,0.03710262991121,0.03710262991121,"POLR1A/MAVS/PLK1/MCRS1/ATP13A2/YAP1/TMEM98/ZC3H12A/CCT2/CCT7/GLUL/RBM22/SIRT6/SIN3A/CDK5RAP3/IPO7/MDFIC/CREBBP/APP/XBP1/MEPCE/CCT6A/ZPR1/PARK7/RAN/MTOR/EIF2AK3/YWHAE/TRIM28/YWHAZ/COPS9/DMAP1/AKT1/SUMO3/TFRC/CHP1/YWHAB/LIMK2/SUFU/SESN2/ILRUN/LAMTOR5/BAG3/CDH1/PARP1/CCT5/PPP3CB/CCT3/IPO5/CACNB4/ORMDL3/NMD3",52
"GO:0000079","GO:0000079","regulation of cyclin-dependent protein serine/threonine kinase activity","18/3911","29/12961",0.620689655172414,2.0569569472487,3.74580847383204,0.000371202082848025,0.0390216720153097,0.0390216720153097,"TFAP4/GTF2H1/CCNT2/CCNY/CDK5R1/CCNT1/CDKN3/GADD45A/HERC5/CCNG1/CDC37/PSMD10/CDK5RAP3/BCCIP/CDC25A/CCNE2/PKMYT1/CDC6",18
"GO:0090307","GO:0090307","mitotic spindle assembly","35/3911","70/12961",0.5,1.65699309639478,3.62316941019043,0.00038786572799074,0.039957927297606,0.039957927297606,"CHMP3/KIF4A/RANGRF/RAB11A/KIF3B/CHMP6/PLK1/GOLGA2/RHOA/CEP192/UHRF1/STAG1/SMC1A/SMC3/AURKB/INCENP/ARHGEF10/KIFC1/KIF23/CHMP1A/BCCIP/POLDIP2/RCC1/PIBF1/HNRNPU/LSM14A/DRG1/BIRC5/HSPA1A/KPNB1/MAP9/TPX2/CDCA8/CHMP4B/HSPA1B",35
"GO:0006352","GO:0006352","DNA-templated transcription initiation","96/3911","237/12961",0.40506329113924,1.34237415404134,3.4969178836398,0.000410070677440262,0.0405037472804771,0.0405037472804771,"POLR1A/MED16/KMT2A/BDP1/ELOA/PADI2/ZNHIT1/TAF9B/POLR2D/SPHK2/INTS11/POLR2E/GTF2H1/CDK4/INTS3/CTNNBIP1/ARMC5/MED22/MED25/TAF7/INTS7/TWIST1/MED4/FOSL1/JUN/BRF1/POLR2I/POLR3H/GLYR1/GTF3C5/PPP2CA/POLR2J/MYC/SIN3A/INTS2/TAF6L/POLR1E/TAF1C/BRD7/NME2/POLR3D/POLR3A/CCNH/EGR1/HMGB1/NCOR1/PHF2/GTF3C6/MED24/ZNF451/NCOR2/TAF13/MED29/ERCC2/TFAM/MED23/APEX1/TAF4/OGG1/TRMT112/PPARGC1A/ELOB/MED17/POLR1B/E2F2/MAZ/SMARCA4/MED6/SMARCD1/POLR2G/ARID1B/MACROH2A1/GTF3C2/TET1/WDR5/POLR2F/NCOA6/POLR2C/CTCFL/POLR1G/MED30/WBP2/POLR3K/SMARCB1/INTS5/GTF2A1/PPM1D/SGF29/POLRMT/MED20/PPP2R1A/POLR3E/POLR2L/MED1/INTS14/L3MBTL3",96
"GO:1905898","GO:1905898","positive regulation of response to endoplasmic reticulum stress","21/3911","36/12961",0.583333333333333,1.93315861246058,3.68564551352599,0.000412193267736623,0.0405037472804771,0.0405037472804771,"BCAP31/HERPUD1/SGTA/PTPN1/BAX/BAK1/BAG6/USP13/STUB1/DDIT3/CAV1/APP/XBP1/ATXN3/PMAIP1/SHISA5/TMEM33/TMX1/SIRT1/RNFT2/ERN1",21
"GO:0043029","GO:0043029","T cell homeostasis","17/3911","27/12961",0.62962962962963,2.0865838991638,3.71535946299147,0.000424617036137791,0.0405037472804771,0.0405037472804771,"PSMA4/PSMB1/PSMB2/PSMA3/SIVA1/PSMB4/PPP2CA/JAK3/PSMA6/PSMA7/PMAIP1/PSMB3/TSC22D3/AKT1/FAS/PSMB10/PPP2R1A",17
"GO:0048025","GO:0048025","negative regulation of mRNA splicing, via spliceosome","17/3911","27/12961",0.62962962962963,2.0865838991638,3.71535946299147,0.000424617036137791,0.0405037472804771,0.0405037472804771,"PTBP1/SRSF6/PRPF8/SNRPD3/RBM20/EFTUD2/C1QBP/SNRPB/SNRNP200/SNRPD2/ACIN1/AAR2/SFSWAP/SNRPG/SRSF9/SNRPD1/U2AF2",17
"GO:0000070","GO:0000070","mitotic sister chromatid segregation","81/3911","195/12961",0.415384615384615,1.37657888008182,3.4831162092287,0.000451493719693563,0.0422844390934826,0.0422844390934826,"KAT5/H3-3A/CHMP3/UBE2C/KIF4A/RANGRF/AKAP8/RAB11A/CHAMP1/KIF3B/CHMP6/ZWILCH/PLK1/SPC24/KIF2C/GOLGA2/RHOA/SPAG5/SKA2/NUDC/CEP192/ANAPC7/CENPC/PSRC1/CDC20/NCAPH2/UHRF1/KIF22/STAG1/SMC1A/XRCC3/SMC3/ATM/TTN/AURKB/CCNB1/INCENP/KIF18B/ZW10/ARHGEF10/KIFC1/DYNLRB1/KIF23/CHMP1A/CENPI/SPC25/BCCIP/POLDIP2/RAN/TRIP13/NSL1/NCAPH/TEX14/RCC1/PIBF1/KMT5A/ESPL1/MAPRE1/HNRNPU/KNTC1/NCAPG2/USP44/LSM14A/DRG1/BIRC5/HSPA1A/KATNB1/INO80/KPNB1/SKA1/MAP9/TPX2/SIRT1/SEH1L/CDCA8/CHMP4B/NDC80/HSPA1B/BAZ1B/ZWINT/RRS1",81
"GO:0051225","GO:0051225","spindle assembly","54/3911","121/12961",0.446280991735537,1.47896904471601,3.47968345934449,0.000521972047284033,0.0480121074207152,0.0480121074207152,"CHMP3/KIF4A/RANGRF/SAC3D1/HAUS3/RAB11A/MAPK15/KIF3B/CHMP6/PLK1/GOLGA2/RHOA/SPAG5/SKA2/DCAF13/CEP192/UHRF1/STAG1/SMC1A/SMC3/AURKB/INCENP/ARHGEF10/STIL/KIFC1/KIF23/CHMP1A/NCOR1/DDB1/BCCIP/POLDIP2/RCC1/MAPRE2/PIBF1/CCDC69/NEK7/MAPRE1/HNRNPU/RNF4/LSM14A/DRG1/BIRC5/HSPA1A/INO80/KPNB1/SKA1/MAP9/TPX2/CDCA8/CHMP4B/NDC80/CEP63/HSPA1B/PPP2R1A",54
"GO:0051988","GO:0051988","regulation of attachment of spindle microtubules to kinetochore","15/3911","23/12961",0.652173913043478,2.16129534312363,3.66433480978464,0.000540818941654453,0.0488729538326682,0.0488729538326682,"KAT5/ZWILCH/SPAG5/AURKB/CCNB1/INCENP/ZW10/CDC42/HNRNPU/KNTC1/BIRC5/SIRT1/RCC2/CDCA8/SIRT2",15
